domain,
autodiscover.aaa,
autodiscover.aarp,
autodiscover.abarth,
autodiscover.abb,
autodiscover.abbott,
autodiscover.abbvie,
autodiscover.abc,
autodiscover.able,
autodiscover.abogado,
autodiscover.abudhabi,
autodiscover.ac,
autodiscover.academy,
autodiscover.accenture,
autodiscover.accountant,
autodiscover.accountants,
autodiscover.aco,
autodiscover.actor,
autodiscover.ad,
autodiscover.adac,
autodiscover.ads,
autodiscover.adult,
autodiscover.ae,
autodiscover.aeg,
autodiscover.aero,
autodiscover.aetna,
autodiscover.af,
autodiscover.afamilycompany,
autodiscover.afl,
autodiscover.africa,
autodiscover.ag,
autodiscover.agakhan,
autodiscover.agency,
autodiscover.ai,
autodiscover.aig,
autodiscover.airbus,
autodiscover.airforce,
autodiscover.airtel,
autodiscover.akdn,
autodiscover.al,
autodiscover.alfaromeo,
autodiscover.alibaba,
autodiscover.alipay,
autodiscover.allfinanz,
autodiscover.allstate,
autodiscover.ally,
autodiscover.alsace,
autodiscover.alstom,
autodiscover.am,
autodiscover.amazon,
autodiscover.americanexpress,
autodiscover.americanfamily,
autodiscover.amex,
autodiscover.amfam,
autodiscover.amica,
autodiscover.amsterdam,
autodiscover.analytics,
autodiscover.android,
autodiscover.anquan,
autodiscover.anz,
autodiscover.ao,
autodiscover.aol,
autodiscover.apartments,
autodiscover.app,
autodiscover.apple,
autodiscover.aq,
autodiscover.aquarelle,
autodiscover.ar,
autodiscover.arab,
autodiscover.aramco,
autodiscover.archi,
autodiscover.army,
autodiscover.arpa,
autodiscover.art,
autodiscover.arte,
autodiscover.as,
autodiscover.asda,
autodiscover.asia,
autodiscover.associates,
autodiscover.at,
autodiscover.athleta,
autodiscover.attorney,
autodiscover.au,
autodiscover.auction,
autodiscover.audi,
autodiscover.audible,
autodiscover.audio,
autodiscover.auspost,
autodiscover.author,
autodiscover.auto,
autodiscover.autos,
autodiscover.avianca,
autodiscover.aw,
autodiscover.aws,
autodiscover.ax,
autodiscover.axa,
autodiscover.az,
autodiscover.azure,
autodiscover.ba,
autodiscover.baby,
autodiscover.baidu,
autodiscover.banamex,
autodiscover.bananarepublic,
autodiscover.band,
autodiscover.bank,
autodiscover.bar,
autodiscover.barcelona,
autodiscover.barclaycard,
autodiscover.barclays,
autodiscover.barefoot,
autodiscover.bargains,
autodiscover.baseball,
autodiscover.basketball,
autodiscover.bauhaus,
autodiscover.bayern,
autodiscover.bb,
autodiscover.bbc,
autodiscover.bbt,
autodiscover.bbva,
autodiscover.bcg,
autodiscover.bcn,
autodiscover.bd,
autodiscover.be,
autodiscover.beats,
autodiscover.beauty,
autodiscover.beer,
autodiscover.bentley,
autodiscover.berlin,
autodiscover.best,
autodiscover.bestbuy,
autodiscover.bet,
autodiscover.bf,
autodiscover.bg,
autodiscover.bh,
autodiscover.bharti,
autodiscover.bi,
autodiscover.bible,
autodiscover.bid,
autodiscover.bike,
autodiscover.bing,
autodiscover.bingo,
autodiscover.bio,
autodiscover.biz,
autodiscover.bj,
autodiscover.black,
autodiscover.blackfriday,
autodiscover.blockbuster,
autodiscover.blog,
autodiscover.bloomberg,
autodiscover.blue,
autodiscover.bm,
autodiscover.bms,
autodiscover.bmw,
autodiscover.bn,
autodiscover.bnpparibas,
autodiscover.bo,
autodiscover.boats,
autodiscover.boehringer,
autodiscover.bofa,
autodiscover.bom,
autodiscover.bond,
autodiscover.boo,
autodiscover.book,
autodiscover.booking,
autodiscover.bosch,
autodiscover.bostik,
autodiscover.boston,
autodiscover.bot,
autodiscover.boutique,
autodiscover.box,
autodiscover.br,
autodiscover.bradesco,
autodiscover.bridgestone,
autodiscover.broadway,
autodiscover.broker,
autodiscover.brother,
autodiscover.brussels,
autodiscover.bs,
autodiscover.bt,
autodiscover.budapest,
autodiscover.bugatti,
autodiscover.build,
autodiscover.builders,
autodiscover.business,
autodiscover.buy,
autodiscover.buzz,
autodiscover.bv,
autodiscover.bw,
autodiscover.by,
autodiscover.bz,
autodiscover.bzh,
autodiscover.ca,
autodiscover.cab,
autodiscover.cafe,
autodiscover.cal,
autodiscover.call,
autodiscover.calvinklein,
autodiscover.cam,
autodiscover.camera,
autodiscover.camp,
autodiscover.cancerresearch,
autodiscover.canon,
autodiscover.capetown,
autodiscover.capital,
autodiscover.capitalone,
autodiscover.car,
autodiscover.caravan,
autodiscover.cards,
autodiscover.care,
autodiscover.career,
autodiscover.careers,
autodiscover.cars,
autodiscover.casa,
autodiscover.case,
autodiscover.cash,
autodiscover.casino,
autodiscover.cat,
autodiscover.catering,
autodiscover.catholic,
autodiscover.cba,
autodiscover.cbn,
autodiscover.cbre,
autodiscover.cbs,
autodiscover.cc,
autodiscover.cd,
autodiscover.center,
autodiscover.ceo,
autodiscover.cern,
autodiscover.cf,
autodiscover.cfa,
autodiscover.cfd,
autodiscover.cg,
autodiscover.ch,
autodiscover.chanel,
autodiscover.channel,
autodiscover.charity,
autodiscover.chase,
autodiscover.chat,
autodiscover.cheap,
autodiscover.chintai,
autodiscover.christmas,
autodiscover.chrome,
autodiscover.church,
autodiscover.ci,
autodiscover.cipriani,
autodiscover.circle,
autodiscover.cisco,
autodiscover.citadel,
autodiscover.citi,
autodiscover.citic,
autodiscover.city,
autodiscover.cityeats,
autodiscover.ck,
autodiscover.cl,
autodiscover.claims,
autodiscover.cleaning,
autodiscover.click,
autodiscover.clinic,
autodiscover.clinique,
autodiscover.clothing,
autodiscover.cloud,
autodiscover.club,
autodiscover.clubmed,
autodiscover.cm,
autodiscover.cn,
autodiscover.co,
autodiscover.coach,
autodiscover.codes,
autodiscover.coffee,
autodiscover.college,
autodiscover.cologne,
autodiscover.com,
autodiscover.comcast,
autodiscover.commbank,
autodiscover.community,
autodiscover.company,
autodiscover.compare,
autodiscover.computer,
autodiscover.comsec,
autodiscover.condos,
autodiscover.construction,
autodiscover.consulting,
autodiscover.contact,
autodiscover.contractors,
autodiscover.cooking,
autodiscover.cookingchannel,
autodiscover.cool,
autodiscover.coop,
autodiscover.corsica,
autodiscover.country,
autodiscover.coupon,
autodiscover.coupons,
autodiscover.courses,
autodiscover.cpa,
autodiscover.cr,
autodiscover.credit,
autodiscover.creditcard,
autodiscover.creditunion,
autodiscover.cricket,
autodiscover.crown,
autodiscover.crs,
autodiscover.cruise,
autodiscover.cruises,
autodiscover.csc,
autodiscover.cu,
autodiscover.cuisinella,
autodiscover.cv,
autodiscover.cw,
autodiscover.cx,
autodiscover.cy,
autodiscover.cymru,
autodiscover.cyou,
autodiscover.cz,
autodiscover.dabur,
autodiscover.dad,
autodiscover.dance,
autodiscover.data,
autodiscover.date,
autodiscover.dating,
autodiscover.datsun,
autodiscover.day,
autodiscover.dclk,
autodiscover.dds,
autodiscover.de,
autodiscover.deal,
autodiscover.dealer,
autodiscover.deals,
autodiscover.degree,
autodiscover.delivery,
autodiscover.dell,
autodiscover.deloitte,
autodiscover.delta,
autodiscover.democrat,
autodiscover.dental,
autodiscover.dentist,
autodiscover.desi,
autodiscover.design,
autodiscover.dev,
autodiscover.dhl,
autodiscover.diamonds,
autodiscover.diet,
autodiscover.digital,
autodiscover.direct,
autodiscover.directory,
autodiscover.discount,
autodiscover.discover,
autodiscover.dish,
autodiscover.diy,
autodiscover.dj,
autodiscover.dk,
autodiscover.dm,
autodiscover.dnp,
autodiscover.do,
autodiscover.docs,
autodiscover.doctor,
autodiscover.dog,
autodiscover.domains,
autodiscover.dot,
autodiscover.download,
autodiscover.drive,
autodiscover.dtv,
autodiscover.dubai,
autodiscover.duck,
autodiscover.dunlop,
autodiscover.dupont,
autodiscover.durban,
autodiscover.dvag,
autodiscover.dvr,
autodiscover.dz,
autodiscover.earth,
autodiscover.eat,
autodiscover.ec,
autodiscover.eco,
autodiscover.edeka,
autodiscover.edu,
autodiscover.education,
autodiscover.ee,
autodiscover.eg,
autodiscover.email,
autodiscover.emerck,
autodiscover.energy,
autodiscover.engineer,
autodiscover.engineering,
autodiscover.enterprises,
autodiscover.epson,
autodiscover.equipment,
autodiscover.er,
autodiscover.ericsson,
autodiscover.erni,
autodiscover.es,
autodiscover.esq,
autodiscover.estate,
autodiscover.et,
autodiscover.etisalat,
autodiscover.eu,
autodiscover.eurovision,
autodiscover.eus,
autodiscover.events,
autodiscover.exchange,
autodiscover.expert,
autodiscover.exposed,
autodiscover.express,
autodiscover.extraspace,
autodiscover.fage,
autodiscover.fail,
autodiscover.fairwinds,
autodiscover.faith,
autodiscover.family,
autodiscover.fan,
autodiscover.fans,
autodiscover.farm,
autodiscover.farmers,
autodiscover.fashion,
autodiscover.fast,
autodiscover.fedex,
autodiscover.feedback,
autodiscover.ferrari,
autodiscover.ferrero,
autodiscover.fi,
autodiscover.fiat,
autodiscover.fidelity,
autodiscover.fido,
autodiscover.film,
autodiscover.final,
autodiscover.finance,
autodiscover.financial,
autodiscover.fire,
autodiscover.firestone,
autodiscover.firmdale,
autodiscover.fish,
autodiscover.fishing,
autodiscover.fit,
autodiscover.fitness,
autodiscover.fj,
autodiscover.fk,
autodiscover.flickr,
autodiscover.flights,
autodiscover.flir,
autodiscover.florist,
autodiscover.flowers,
autodiscover.fly,
autodiscover.fm,
autodiscover.fo,
autodiscover.foo,
autodiscover.food,
autodiscover.foodnetwork,
autodiscover.football,
autodiscover.ford,
autodiscover.forex,
autodiscover.forsale,
autodiscover.forum,
autodiscover.foundation,
autodiscover.fox,
autodiscover.fr,
autodiscover.free,
autodiscover.fresenius,
autodiscover.frl,
autodiscover.frogans,
autodiscover.frontdoor,
autodiscover.frontier,
autodiscover.ftr,
autodiscover.fujitsu,
autodiscover.fun,
autodiscover.fund,
autodiscover.furniture,
autodiscover.futbol,
autodiscover.fyi,
autodiscover.ga,
autodiscover.gal,
autodiscover.gallery,
autodiscover.gallo,
autodiscover.gallup,
autodiscover.game,
autodiscover.games,
autodiscover.gap,
autodiscover.garden,
autodiscover.gay,
autodiscover.gb,
autodiscover.gbiz,
autodiscover.gd,
autodiscover.gdn,
autodiscover.ge,
autodiscover.gea,
autodiscover.gent,
autodiscover.genting,
autodiscover.george,
autodiscover.gf,
autodiscover.gg,
autodiscover.ggee,
autodiscover.gh,
autodiscover.gi,
autodiscover.gift,
autodiscover.gifts,
autodiscover.gives,
autodiscover.giving,
autodiscover.gl,
autodiscover.glade,
autodiscover.glass,
autodiscover.gle,
autodiscover.global,
autodiscover.globo,
autodiscover.gm,
autodiscover.gmail,
autodiscover.gmbh,
autodiscover.gmo,
autodiscover.gmx,
autodiscover.gn,
autodiscover.godaddy,
autodiscover.gold,
autodiscover.goldpoint,
autodiscover.golf,
autodiscover.goo,
autodiscover.goodyear,
autodiscover.goog,
autodiscover.google,
autodiscover.gop,
autodiscover.got,
autodiscover.gov,
autodiscover.gp,
autodiscover.gq,
autodiscover.gr,
autodiscover.grainger,
autodiscover.graphics,
autodiscover.gratis,
autodiscover.green,
autodiscover.gripe,
autodiscover.grocery,
autodiscover.group,
autodiscover.gs,
autodiscover.gt,
autodiscover.gu,
autodiscover.guardian,
autodiscover.gucci,
autodiscover.guge,
autodiscover.guide,
autodiscover.guitars,
autodiscover.guru,
autodiscover.gw,
autodiscover.gy,
autodiscover.hair,
autodiscover.hamburg,
autodiscover.hangout,
autodiscover.haus,
autodiscover.hbo,
autodiscover.hdfc,
autodiscover.hdfcbank,
autodiscover.health,
autodiscover.healthcare,
autodiscover.help,
autodiscover.helsinki,
autodiscover.here,
autodiscover.hermes,
autodiscover.hgtv,
autodiscover.hiphop,
autodiscover.hisamitsu,
autodiscover.hitachi,
autodiscover.hiv,
autodiscover.hk,
autodiscover.hkt,
autodiscover.hm,
autodiscover.hn,
autodiscover.hockey,
autodiscover.holdings,
autodiscover.holiday,
autodiscover.homedepot,
autodiscover.homegoods,
autodiscover.homes,
autodiscover.homesense,
autodiscover.honda,
autodiscover.horse,
autodiscover.hospital,
autodiscover.host,
autodiscover.hosting,
autodiscover.hot,
autodiscover.hoteles,
autodiscover.hotels,
autodiscover.hotmail,
autodiscover.house,
autodiscover.how,
autodiscover.hr,
autodiscover.hsbc,
autodiscover.ht,
autodiscover.hu,
autodiscover.hughes,
autodiscover.hyatt,
autodiscover.hyundai,
autodiscover.ibm,
autodiscover.icbc,
autodiscover.ice,
autodiscover.icu,
autodiscover.id,
autodiscover.ie,
autodiscover.ieee,
autodiscover.ifm,
autodiscover.ikano,
autodiscover.il,
autodiscover.im,
autodiscover.imamat,
autodiscover.imdb,
autodiscover.immo,
autodiscover.immobilien,
autodiscover.in,
autodiscover.inc,
autodiscover.industries,
autodiscover.infiniti,
autodiscover.info,
autodiscover.ing,
autodiscover.ink,
autodiscover.institute,
autodiscover.insurance,
autodiscover.insure,
autodiscover.int,
autodiscover.international,
autodiscover.intuit,
autodiscover.investments,
autodiscover.io,
autodiscover.ipiranga,
autodiscover.iq,
autodiscover.ir,
autodiscover.irish,
autodiscover.is,
autodiscover.ismaili,
autodiscover.ist,
autodiscover.istanbul,
autodiscover.it,
autodiscover.itau,
autodiscover.itv,
autodiscover.jaguar,
autodiscover.java,
autodiscover.jcb,
autodiscover.je,
autodiscover.jeep,
autodiscover.jetzt,
autodiscover.jewelry,
autodiscover.jio,
autodiscover.jll,
autodiscover.jm,
autodiscover.jmp,
autodiscover.jnj,
autodiscover.jo,
autodiscover.jobs,
autodiscover.joburg,
autodiscover.jot,
autodiscover.joy,
autodiscover.jp,
autodiscover.jpmorgan,
autodiscover.jprs,
autodiscover.juegos,
autodiscover.juniper,
autodiscover.kaufen,
autodiscover.kddi,
autodiscover.ke,
autodiscover.kerryhotels,
autodiscover.kerrylogistics,
autodiscover.kerryproperties,
autodiscover.kfh,
autodiscover.kg,
autodiscover.kh,
autodiscover.ki,
autodiscover.kia,
autodiscover.kim,
autodiscover.kinder,
autodiscover.kindle,
autodiscover.kitchen,
autodiscover.kiwi,
autodiscover.km,
autodiscover.kn,
autodiscover.koeln,
autodiscover.komatsu,
autodiscover.kosher,
autodiscover.kp,
autodiscover.kpmg,
autodiscover.kpn,
autodiscover.kr,
autodiscover.krd,
autodiscover.kred,
autodiscover.kuokgroup,
autodiscover.kw,
autodiscover.ky,
autodiscover.kyoto,
autodiscover.kz,
autodiscover.la,
autodiscover.lacaixa,
autodiscover.lamborghini,
autodiscover.lamer,
autodiscover.lancaster,
autodiscover.lancia,
autodiscover.land,
autodiscover.landrover,
autodiscover.lanxess,
autodiscover.lasalle,
autodiscover.lat,
autodiscover.latino,
autodiscover.latrobe,
autodiscover.law,
autodiscover.lawyer,
autodiscover.lb,
autodiscover.lc,
autodiscover.lds,
autodiscover.lease,
autodiscover.leclerc,
autodiscover.lefrak,
autodiscover.legal,
autodiscover.lego,
autodiscover.lexus,
autodiscover.lgbt,
autodiscover.li,
autodiscover.lidl,
autodiscover.life,
autodiscover.lifeinsurance,
autodiscover.lifestyle,
autodiscover.lighting,
autodiscover.like,
autodiscover.lilly,
autodiscover.limited,
autodiscover.limo,
autodiscover.lincoln,
autodiscover.linde,
autodiscover.link,
autodiscover.lipsy,
autodiscover.live,
autodiscover.living,
autodiscover.lixil,
autodiscover.lk,
autodiscover.llc,
autodiscover.llp,
autodiscover.loan,
autodiscover.loans,
autodiscover.locker,
autodiscover.locus,
autodiscover.loft,
autodiscover.lol,
autodiscover.london,
autodiscover.lotte,
autodiscover.lotto,
autodiscover.love,
autodiscover.lpl,
autodiscover.lplfinancial,
autodiscover.lr,
autodiscover.ls,
autodiscover.lt,
autodiscover.ltd,
autodiscover.ltda,
autodiscover.lu,
autodiscover.lundbeck,
autodiscover.luxe,
autodiscover.luxury,
autodiscover.lv,
autodiscover.ly,
autodiscover.ma,
autodiscover.macys,
autodiscover.madrid,
autodiscover.maif,
autodiscover.maison,
autodiscover.makeup,
autodiscover.man,
autodiscover.management,
autodiscover.mango,
autodiscover.map,
autodiscover.market,
autodiscover.marketing,
autodiscover.markets,
autodiscover.marriott,
autodiscover.marshalls,
autodiscover.maserati,
autodiscover.mattel,
autodiscover.mba,
autodiscover.mc,
autodiscover.mckinsey,
autodiscover.md,
autodiscover.me,
autodiscover.med,
autodiscover.media,
autodiscover.meet,
autodiscover.melbourne,
autodiscover.meme,
autodiscover.memorial,
autodiscover.men,
autodiscover.menu,
autodiscover.merckmsd,
autodiscover.mg,
autodiscover.mh,
autodiscover.miami,
autodiscover.microsoft,
autodiscover.mil,
autodiscover.mini,
autodiscover.mint,
autodiscover.mit,
autodiscover.mitsubishi,
autodiscover.mk,
autodiscover.ml,
autodiscover.mlb,
autodiscover.mls,
autodiscover.mm,
autodiscover.mma,
autodiscover.mn,
autodiscover.mo,
autodiscover.mobi,
autodiscover.mobile,
autodiscover.moda,
autodiscover.moe,
autodiscover.moi,
autodiscover.mom,
autodiscover.monash,
autodiscover.money,
autodiscover.monster,
autodiscover.mormon,
autodiscover.mortgage,
autodiscover.moscow,
autodiscover.moto,
autodiscover.motorcycles,
autodiscover.mov,
autodiscover.movie,
autodiscover.mp,
autodiscover.mq,
autodiscover.mr,
autodiscover.ms,
autodiscover.msd,
autodiscover.mt,
autodiscover.mtn,
autodiscover.mtr,
autodiscover.mu,
autodiscover.museum,
autodiscover.mutual,
autodiscover.mv,
autodiscover.mw,
autodiscover.mx,
autodiscover.my,
autodiscover.mz,
autodiscover.na,
autodiscover.nab,
autodiscover.nagoya,
autodiscover.name,
autodiscover.natura,
autodiscover.navy,
autodiscover.nba,
autodiscover.nc,
autodiscover.ne,
autodiscover.nec,
autodiscover.net,
autodiscover.netbank,
autodiscover.netflix,
autodiscover.network,
autodiscover.neustar,
autodiscover.new,
autodiscover.news,
autodiscover.next,
autodiscover.nextdirect,
autodiscover.nexus,
autodiscover.nf,
autodiscover.nfl,
autodiscover.ng,
autodiscover.ngo,
autodiscover.nhk,
autodiscover.ni,
autodiscover.nico,
autodiscover.nike,
autodiscover.nikon,
autodiscover.ninja,
autodiscover.nissan,
autodiscover.nissay,
autodiscover.nl,
autodiscover.no,
autodiscover.nokia,
autodiscover.northwesternmutual,
autodiscover.norton,
autodiscover.now,
autodiscover.nowruz,
autodiscover.nowtv,
autodiscover.np,
autodiscover.nr,
autodiscover.nra,
autodiscover.nrw,
autodiscover.ntt,
autodiscover.nu,
autodiscover.nyc,
autodiscover.nz,
autodiscover.obi,
autodiscover.observer,
autodiscover.off,
autodiscover.office,
autodiscover.okinawa,
autodiscover.olayan,
autodiscover.olayangroup,
autodiscover.oldnavy,
autodiscover.ollo,
autodiscover.om,
autodiscover.omega,
autodiscover.one,
autodiscover.ong,
autodiscover.onl,
autodiscover.online,
autodiscover.ooo,
autodiscover.open,
autodiscover.oracle,
autodiscover.orange,
autodiscover.org,
autodiscover.organic,
autodiscover.origins,
autodiscover.osaka,
autodiscover.otsuka,
autodiscover.ott,
autodiscover.ovh,
autodiscover.pa,
autodiscover.page,
autodiscover.panasonic,
autodiscover.paris,
autodiscover.pars,
autodiscover.partners,
autodiscover.parts,
autodiscover.party,
autodiscover.passagens,
autodiscover.pay,
autodiscover.pccw,
autodiscover.pe,
autodiscover.pet,
autodiscover.pf,
autodiscover.pfizer,
autodiscover.pg,
autodiscover.ph,
autodiscover.pharmacy,
autodiscover.phd,
autodiscover.philips,
autodiscover.phone,
autodiscover.photo,
autodiscover.photography,
autodiscover.photos,
autodiscover.physio,
autodiscover.pics,
autodiscover.pictet,
autodiscover.pictures,
autodiscover.pid,
autodiscover.pin,
autodiscover.ping,
autodiscover.pink,
autodiscover.pioneer,
autodiscover.pizza,
autodiscover.pk,
autodiscover.pl,
autodiscover.place,
autodiscover.play,
autodiscover.playstation,
autodiscover.plumbing,
autodiscover.plus,
autodiscover.pm,
autodiscover.pn,
autodiscover.pnc,
autodiscover.pohl,
autodiscover.poker,
autodiscover.politie,
autodiscover.porn,
autodiscover.post,
autodiscover.pr,
autodiscover.pramerica,
autodiscover.praxi,
autodiscover.press,
autodiscover.prime,
autodiscover.pro,
autodiscover.prod,
autodiscover.productions,
autodiscover.prof,
autodiscover.progressive,
autodiscover.promo,
autodiscover.properties,
autodiscover.property,
autodiscover.protection,
autodiscover.pru,
autodiscover.prudential,
autodiscover.ps,
autodiscover.pt,
autodiscover.pub,
autodiscover.pw,
autodiscover.pwc,
autodiscover.py,
autodiscover.qa,
autodiscover.qpon,
autodiscover.quebec,
autodiscover.quest,
autodiscover.qvc,
autodiscover.racing,
autodiscover.radio,
autodiscover.raid,
autodiscover.re,
autodiscover.read,
autodiscover.realestate,
autodiscover.realtor,
autodiscover.realty,
autodiscover.recipes,
autodiscover.red,
autodiscover.redstone,
autodiscover.redumbrella,
autodiscover.rehab,
autodiscover.reise,
autodiscover.reisen,
autodiscover.reit,
autodiscover.reliance,
autodiscover.ren,
autodiscover.rent,
autodiscover.rentals,
autodiscover.repair,
autodiscover.report,
autodiscover.republican,
autodiscover.rest,
autodiscover.restaurant,
autodiscover.review,
autodiscover.reviews,
autodiscover.rexroth,
autodiscover.rich,
autodiscover.richardli,
autodiscover.ricoh,
autodiscover.ril,
autodiscover.rio,
autodiscover.rip,
autodiscover.rmit,
autodiscover.ro,
autodiscover.rocher,
autodiscover.rocks,
autodiscover.rodeo,
autodiscover.rogers,
autodiscover.room,
autodiscover.rs,
autodiscover.rsvp,
autodiscover.ru,
autodiscover.rugby,
autodiscover.ruhr,
autodiscover.run,
autodiscover.rw,
autodiscover.rwe,
autodiscover.ryukyu,
autodiscover.sa,
autodiscover.saarland,
autodiscover.safe,
autodiscover.safety,
autodiscover.sakura,
autodiscover.sale,
autodiscover.salon,
autodiscover.samsclub,
autodiscover.samsung,
autodiscover.sandvik,
autodiscover.sandvikcoromant,
autodiscover.sanofi,
autodiscover.sap,
autodiscover.sarl,
autodiscover.sas,
autodiscover.save,
autodiscover.saxo,
autodiscover.sb,
autodiscover.sbi,
autodiscover.sbs,
autodiscover.sc,
autodiscover.sca,
autodiscover.scb,
autodiscover.schaeffler,
autodiscover.schmidt,
autodiscover.scholarships,
autodiscover.school,
autodiscover.schule,
autodiscover.schwarz,
autodiscover.science,
autodiscover.scjohnson,
autodiscover.scot,
autodiscover.sd,
autodiscover.se,
autodiscover.search,
autodiscover.seat,
autodiscover.secure,
autodiscover.security,
autodiscover.seek,
autodiscover.select,
autodiscover.sener,
autodiscover.services,
autodiscover.ses,
autodiscover.seven,
autodiscover.sew,
autodiscover.sex,
autodiscover.sexy,
autodiscover.sfr,
autodiscover.sg,
autodiscover.sh,
autodiscover.shangrila,
autodiscover.sharp,
autodiscover.shaw,
autodiscover.shell,
autodiscover.shia,
autodiscover.shiksha,
autodiscover.shoes,
autodiscover.shop,
autodiscover.shopping,
autodiscover.shouji,
autodiscover.show,
autodiscover.showtime,
autodiscover.si,
autodiscover.silk,
autodiscover.sina,
autodiscover.singles,
autodiscover.site,
autodiscover.sj,
autodiscover.sk,
autodiscover.ski,
autodiscover.skin,
autodiscover.sky,
autodiscover.skype,
autodiscover.sl,
autodiscover.sling,
autodiscover.sm,
autodiscover.smart,
autodiscover.smile,
autodiscover.sn,
autodiscover.sncf,
autodiscover.so,
autodiscover.soccer,
autodiscover.social,
autodiscover.softbank,
autodiscover.software,
autodiscover.sohu,
autodiscover.solar,
autodiscover.solutions,
autodiscover.song,
autodiscover.sony,
autodiscover.soy,
autodiscover.spa,
autodiscover.space,
autodiscover.sport,
autodiscover.spot,
autodiscover.sr,
autodiscover.srl,
autodiscover.ss,
autodiscover.st,
autodiscover.stada,
autodiscover.staples,
autodiscover.star,
autodiscover.statebank,
autodiscover.statefarm,
autodiscover.stc,
autodiscover.stcgroup,
autodiscover.stockholm,
autodiscover.storage,
autodiscover.store,
autodiscover.stream,
autodiscover.studio,
autodiscover.study,
autodiscover.style,
autodiscover.su,
autodiscover.sucks,
autodiscover.supplies,
autodiscover.supply,
autodiscover.support,
autodiscover.surf,
autodiscover.surgery,
autodiscover.suzuki,
autodiscover.sv,
autodiscover.swatch,
autodiscover.swiftcover,
autodiscover.swiss,
autodiscover.sx,
autodiscover.sy,
autodiscover.sydney,
autodiscover.systems,
autodiscover.sz,
autodiscover.tab,
autodiscover.taipei,
autodiscover.talk,
autodiscover.taobao,
autodiscover.target,
autodiscover.tatamotors,
autodiscover.tatar,
autodiscover.tattoo,
autodiscover.tax,
autodiscover.taxi,
autodiscover.tc,
autodiscover.tci,
autodiscover.td,
autodiscover.tdk,
autodiscover.team,
autodiscover.tech,
autodiscover.technology,
autodiscover.tel,
autodiscover.temasek,
autodiscover.tennis,
autodiscover.teva,
autodiscover.tf,
autodiscover.tg,
autodiscover.th,
autodiscover.thd,
autodiscover.theater,
autodiscover.theatre,
autodiscover.tiaa,
autodiscover.tickets,
autodiscover.tienda,
autodiscover.tiffany,
autodiscover.tips,
autodiscover.tires,
autodiscover.tirol,
autodiscover.tj,
autodiscover.tjmaxx,
autodiscover.tjx,
autodiscover.tk,
autodiscover.tkmaxx,
autodiscover.tl,
autodiscover.tm,
autodiscover.tmall,
autodiscover.tn,
autodiscover.to,
autodiscover.today,
autodiscover.tokyo,
autodiscover.tools,
autodiscover.top,
autodiscover.toray,
autodiscover.toshiba,
autodiscover.total,
autodiscover.tours,
autodiscover.town,
autodiscover.toyota,
autodiscover.toys,
autodiscover.tr,
autodiscover.trade,
autodiscover.trading,
autodiscover.training,
autodiscover.travel,
autodiscover.travelchannel,
autodiscover.travelers,
autodiscover.travelersinsurance,
autodiscover.trust,
autodiscover.trv,
autodiscover.tt,
autodiscover.tube,
autodiscover.tui,
autodiscover.tunes,
autodiscover.tushu,
autodiscover.tv,
autodiscover.tvs,
autodiscover.tw,
autodiscover.tz,
autodiscover.ua,
autodiscover.ubank,
autodiscover.ubs,
autodiscover.ug,
autodiscover.uk,
autodiscover.unicom,
autodiscover.university,
autodiscover.uno,
autodiscover.uol,
autodiscover.ups,
autodiscover.us,
autodiscover.uy,
autodiscover.uz,
autodiscover.va,
autodiscover.vacations,
autodiscover.vana,
autodiscover.vanguard,
autodiscover.vc,
autodiscover.ve,
autodiscover.vegas,
autodiscover.ventures,
autodiscover.verisign,
autodiscover.versicherung,
autodiscover.vet,
autodiscover.vg,
autodiscover.vi,
autodiscover.viajes,
autodiscover.video,
autodiscover.vig,
autodiscover.viking,
autodiscover.villas,
autodiscover.vin,
autodiscover.vip,
autodiscover.virgin,
autodiscover.visa,
autodiscover.vision,
autodiscover.viva,
autodiscover.vivo,
autodiscover.vlaanderen,
autodiscover.vn,
autodiscover.vodka,
autodiscover.volkswagen,
autodiscover.volvo,
autodiscover.vote,
autodiscover.voting,
autodiscover.voto,
autodiscover.voyage,
autodiscover.vu,
autodiscover.vuelos,
autodiscover.wales,
autodiscover.walmart,
autodiscover.walter,
autodiscover.wang,
autodiscover.wanggou,
autodiscover.watch,
autodiscover.watches,
autodiscover.weather,
autodiscover.weatherchannel,
autodiscover.webcam,
autodiscover.weber,
autodiscover.website,
autodiscover.wed,
autodiscover.wedding,
autodiscover.weibo,
autodiscover.weir,
autodiscover.wf,
autodiscover.whoswho,
autodiscover.wien,
autodiscover.wiki,
autodiscover.williamhill,
autodiscover.win,
autodiscover.windows,
autodiscover.wine,
autodiscover.winners,
autodiscover.wme,
autodiscover.wolterskluwer,
autodiscover.woodside,
autodiscover.work,
autodiscover.works,
autodiscover.world,
autodiscover.wow,
autodiscover.ws,
autodiscover.wtc,
autodiscover.wtf,
autodiscover.xbox,
autodiscover.xerox,
autodiscover.xfinity,
autodiscover.xihuan,
autodiscover.xin,
autodiscover.xn--11b4c3d,
autodiscover.xn--1ck2e1b,
autodiscover.xn--1qqw23a,
autodiscover.xn--2scrj9c,
autodiscover.xn--30rr7y,
autodiscover.xn--3bst00m,
autodiscover.xn--3ds443g,
autodiscover.xn--3e0b707e,
autodiscover.xn--3hcrj9c,
autodiscover.xn--3oq18vl8pn36a,
autodiscover.xn--3pxu8k,
autodiscover.xn--42c2d9a,
autodiscover.xn--45br5cyl,
autodiscover.xn--45brj9c,
autodiscover.xn--45q11c,
autodiscover.xn--4dbrk0ce,
autodiscover.xn--4gbrim,
autodiscover.xn--54b7fta0cc,
autodiscover.xn--55qw42g,
autodiscover.xn--55qx5d,
autodiscover.xn--5su34j936bgsg,
autodiscover.xn--5tzm5g,
autodiscover.xn--6frz82g,
autodiscover.xn--6qq986b3xl,
autodiscover.xn--80adxhks,
autodiscover.xn--80ao21a,
autodiscover.xn--80aqecdr1a,
autodiscover.xn--80asehdb,
autodiscover.xn--80aswg,
autodiscover.xn--8y0a063a,
autodiscover.xn--90a3ac,
autodiscover.xn--90ae,
autodiscover.xn--90ais,
autodiscover.xn--9dbq2a,
autodiscover.xn--9et52u,
autodiscover.xn--9krt00a,
autodiscover.xn--b4w605ferd,
autodiscover.xn--bck1b9a5dre4c,
autodiscover.xn--c1avg,
autodiscover.xn--c2br7g,
autodiscover.xn--cck2b3b,
autodiscover.xn--cckwcxetd,
autodiscover.xn--cg4bki,
autodiscover.xn--clchc0ea0b2g2a9gcd,
autodiscover.xn--czr694b,
autodiscover.xn--czrs0t,
autodiscover.xn--czru2d,
autodiscover.xn--d1acj3b,
autodiscover.xn--d1alf,
autodiscover.xn--e1a4c,
autodiscover.xn--eckvdtc9d,
autodiscover.xn--efvy88h,
autodiscover.xn--fct429k,
autodiscover.xn--fhbei,
autodiscover.xn--fiq228c5hs,
autodiscover.xn--fiq64b,
autodiscover.xn--fiqs8s,
autodiscover.xn--fiqz9s,
autodiscover.xn--fjq720a,
autodiscover.xn--flw351e,
autodiscover.xn--fpcrj9c3d,
autodiscover.xn--fzc2c9e2c,
autodiscover.xn--fzys8d69uvgm,
autodiscover.xn--g2xx48c,
autodiscover.xn--gckr3f0f,
autodiscover.xn--gecrj9c,
autodiscover.xn--gk3at1e,
autodiscover.xn--h2breg3eve,
autodiscover.xn--h2brj9c,
autodiscover.xn--h2brj9c8c,
autodiscover.xn--hxt814e,
autodiscover.xn--i1b6b1a6a2e,
autodiscover.xn--imr513n,
autodiscover.xn--io0a7i,
autodiscover.xn--j1aef,
autodiscover.xn--j1amh,
autodiscover.xn--j6w193g,
autodiscover.xn--jlq480n2rg,
autodiscover.xn--jlq61u9w7b,
autodiscover.xn--jvr189m,
autodiscover.xn--kcrx77d1x4a,
autodiscover.xn--kprw13d,
autodiscover.xn--kpry57d,
autodiscover.xn--kput3i,
autodiscover.xn--l1acc,
autodiscover.xn--lgbbat1ad8j,
autodiscover.xn--mgb9awbf,
autodiscover.xn--mgba3a3ejt,
autodiscover.xn--mgba3a4f16a,
autodiscover.xn--mgba7c0bbn0a,
autodiscover.xn--mgbaakc7dvf,
autodiscover.xn--mgbaam7a8h,
autodiscover.xn--mgbab2bd,
autodiscover.xn--mgbah1a3hjkrd,
autodiscover.xn--mgbai9azgqp6j,
autodiscover.xn--mgbayh7gpa,
autodiscover.xn--mgbbh1a,
autodiscover.xn--mgbbh1a71e,
autodiscover.xn--mgbc0a9azcg,
autodiscover.xn--mgbca7dzdo,
autodiscover.xn--mgbcpq6gpa1a,
autodiscover.xn--mgberp4a5d4ar,
autodiscover.xn--mgbgu82a,
autodiscover.xn--mgbi4ecexp,
autodiscover.xn--mgbpl2fh,
autodiscover.xn--mgbt3dhd,
autodiscover.xn--mgbtx2b,
autodiscover.xn--mgbx4cd0ab,
autodiscover.xn--mix891f,
autodiscover.xn--mk1bu44c,
autodiscover.xn--mxtq1m,
autodiscover.xn--ngbc5azd,
autodiscover.xn--ngbe9e0a,
autodiscover.xn--ngbrx,
autodiscover.xn--node,
autodiscover.xn--nqv7f,
autodiscover.xn--nqv7fs00ema,
autodiscover.xn--nyqy26a,
autodiscover.xn--o3cw4h,
autodiscover.xn--ogbpf8fl,
autodiscover.xn--otu796d,
autodiscover.xn--p1acf,
autodiscover.xn--p1ai,
autodiscover.xn--pgbs0dh,
autodiscover.xn--pssy2u,
autodiscover.xn--q7ce6a,
autodiscover.xn--q9jyb4c,
autodiscover.xn--qcka1pmc,
autodiscover.xn--qxa6a,
autodiscover.xn--qxam,
autodiscover.xn--rhqv96g,
autodiscover.xn--rovu88b,
autodiscover.xn--rvc1e0am3e,
autodiscover.xn--s9brj9c,
autodiscover.xn--ses554g,
autodiscover.xn--t60b56a,
autodiscover.xn--tckwe,
autodiscover.xn--tiq49xqyj,
autodiscover.xn--unup4y,
autodiscover.xn--vermgensberater-ctb,
autodiscover.xn--vermgensberatung-pwb,
autodiscover.xn--vhquv,
autodiscover.xn--vuq861b,
autodiscover.xn--w4r85el8fhu5dnra,
autodiscover.xn--w4rs40l,
autodiscover.xn--wgbh1c,
autodiscover.xn--wgbl6a,
autodiscover.xn--xhq521b,
autodiscover.xn--xkc2al3hye2a,
autodiscover.xn--xkc2dl3a5ee0h,
autodiscover.xn--y9a3aq,
autodiscover.xn--yfro4i67o,
autodiscover.xn--ygbi2ammx,
autodiscover.xn--zfr164b,
autodiscover.xxx,
autodiscover.xyz,
autodiscover.yachts,
autodiscover.yahoo,
autodiscover.yamaxun,
autodiscover.yandex,
autodiscover.ye,
autodiscover.yodobashi,
autodiscover.yoga,
autodiscover.yokohama,
autodiscover.you,
autodiscover.youtube,
autodiscover.yt,
autodiscover.yun,
autodiscover.za,
autodiscover.zappos,
autodiscover.zara,
autodiscover.zero,
autodiscover.zip,
autodiscover.zm,
autodiscover.zone,
autodiscover.zuerich,
autodiscover.zw,
